{
    "scs": {
        "global": {
            "states": {
                "10": {
                    "position": [
                        -36.80167890870934,
                        -2.484784889821616
                    ],
                    "name": "Waiting",
                    "elmTypes": [
                        "ElmInt"
                    ],
                    "transitions": {
                        "14": {
                            "diamond": [
                                -19.74396642182581,
                                38.74921301154247
                            ],
                            "pull": [
                                -63.597061909758665,
                                40.56243441762854
                            ],
                            "targets": {
                                "10": {
                                    "pull": [
                                        5.103882476390343,
                                        8.394543546694639
                                    ],
                                    "condition": "LessThanThree",
                                    "msg": null
                                },
                                "12": {
                                    "pull": [
                                        18.703043022035676,
                                        68.13011542497377
                                    ],
                                    "condition": "ThreeJoined",
                                    "msg": null
                                }
                            }
                        },
                        "16": {
                            "diamond": [
                                -9.536201469045118,
                                -48.68835257082898
                            ],
                            "pull": [
                                -38.4134312696747,
                                -41.032528856243445
                            ],
                            "targets": {
                                "13": {
                                    "pull": [
                                        38.749213011542494,
                                        -48.68835257082897
                                    ],
                                    "condition": "branch13",
                                    "msg": null
                                }
                            }
                        }
                    }
                },
                "12": {
                    "position": [
                        57.888772298006295,
                        28.541448058761805
                    ],
                    "name": "PartyStarted",
                    "elmTypes": [],
                    "transitions": {}
                },
                "13": {
                    "position": [
                        60.7093389296957,
                        -37.40608604407136
                    ],
                    "name": "PartyFailed",
                    "elmTypes": [],
                    "transitions": {}
                }
            },
            "transitions": {
                "14": {
                    "name": "GuestArrived",
                    "args": []
                },
                "16": {
                    "name": "PartyCancelled",
                    "args": []
                }
            },
            "startStateIdx": 10,
            "dragState": "Released",
            "bb": [
                -75.59706190975866,
                159.10038474991256,
                80.13011542497377,
                -60.68835257082898
            ],
            "outInterface": {},
            "pan": [
                -4.969569779643233,
                -4.29800629590766
            ],
            "zoom": 0.8,
            "globalOffset": [
                -55,
                0
            ],
            "undoLst": [],
            "redoLst": []
        },
        "local": {
            "states": {
                "17": {
                    "position": [
                        -66.6638684854844,
                        -52.76250437215809
                    ],
                    "name": "Home",
                    "elmTypes": [],
                    "transitions": {
                        "23": {
                            "diamond": [
                                -64.87303252885624,
                                53.120671563483704
                            ],
                            "pull": [
                                -83.32983560685551,
                                23.381601958726822
                            ],
                            "targets": {
                                "18": {
                                    "pull": [
                                        -45.34172787688002,
                                        94.50017488632386
                                    ],
                                    "condition": "branch18",
                                    "msg": null
                                }
                            }
                        }
                    }
                },
                "18": {
                    "position": [
                        -0.49247988807274634,
                        98.87653025533405
                    ],
                    "name": "PizzaShop",
                    "elmTypes": [],
                    "transitions": {
                        "24": {
                            "diamond": [
                                69.23819517313744,
                                106.64428121720884
                            ],
                            "pull": [
                                34.607904861839785,
                                122.20216859041616
                            ],
                            "targets": {
                                "19": {
                                    "pull": [
                                        97.61175236096538,
                                        92.65337530605103
                                    ],
                                    "condition": "branch19",
                                    "msg": null
                                }
                            }
                        },
                        "25": {
                            "diamond": [
                                21.154249737670508,
                                52.65057712486885
                            ],
                            "pull": [
                                16.47569080097935,
                                63.10458202168584
                            ],
                            "targets": {
                                "22": {
                                    "pull": [
                                        33.141657922350504,
                                        28.0713536201469
                                    ],
                                    "condition": "branch22",
                                    "msg": null
                                }
                            }
                        }
                    }
                },
                "19": {
                    "position": [
                        119.53830010493176,
                        62.567331234697434
                    ],
                    "name": "Pastry",
                    "elmTypes": [],
                    "transitions": {
                        "28": {
                            "diamond": [
                                86.74361664917797,
                                32.235047219307454
                            ],
                            "pull": [
                                99.27946834557537,
                                41.18922700244836
                            ],
                            "targets": {
                                "22": {
                                    "pull": [
                                        66.48478488982158,
                                        15.166142007695008
                                    ],
                                    "condition": "branch22",
                                    "msg": null
                                }
                            }
                        },
                        "29": {
                            "diamond": [
                                179.5313046519762,
                                37.04791885274571
                            ],
                            "pull": [
                                170.91290661070303,
                                58.42602308499474
                            ],
                            "targets": {
                                "20": {
                                    "pull": [
                                        188.14970269324937,
                                        15.669814620496673
                                    ],
                                    "condition": "branch20",
                                    "msg": null
                                }
                            }
                        }
                    }
                },
                "20": {
                    "position": [
                        154.01189227002445,
                        -22.945085694298704
                    ],
                    "name": "GroceryStore",
                    "elmTypes": [],
                    "transitions": {
                        "31": {
                            "diamond": [
                                87.63903462749212,
                                -59.54529555788736
                            ],
                            "pull": [
                                113.38230150402237,
                                -66.98845750262328
                            ],
                            "targets": {
                                "22": {
                                    "pull": [
                                        61.89576775096188,
                                        -52.10213361315144
                                    ],
                                    "condition": "branch22",
                                    "msg": null
                                }
                            }
                        },
                        "32": {
                            "diamond": [
                                143.04302203567676,
                                -112.48688352570828
                            ],
                            "pull": [
                                168.1706890521161,
                                -92.8436516264428
                            ],
                            "targets": {
                                "21": {
                                    "pull": [
                                        117.91535501923747,
                                        -132.13011542497375
                                    ],
                                    "condition": "branch21",
                                    "msg": null
                                }
                            }
                        }
                    }
                },
                "21": {
                    "position": [
                        53.50122420426721,
                        -101.5180132913606
                    ],
                    "name": "BusStop",
                    "elmTypes": [],
                    "transitions": {
                        "34": {
                            "diamond": [
                                -27.153550192374944,
                                -103.64463098985665
                            ],
                            "pull": [
                                6.267925848198679,
                                -108.45750262329489
                            ],
                            "targets": {
                                "17": {
                                    "pull": [
                                        -67.26827562084644,
                                        -93.24658971668416
                                    ],
                                    "condition": "NotEnoughMoney",
                                    "msg": 16
                                },
                                "33": {
                                    "pull": [
                                        11.103182931094771,
                                        -62.58971668415535
                                    ],
                                    "condition": "EnoughMoney",
                                    "msg": 14
                                }
                            }
                        }
                    }
                },
                "22": {
                    "position": [
                        51.03882476390346,
                        6.827562084644973
                    ],
                    "name": "ATM",
                    "elmTypes": [],
                    "transitions": {
                        "26": {
                            "diamond": [
                                -20.75131164742918,
                                27.086393844001403
                            ],
                            "pull": [
                                -7.868485484435126,
                                4.074151801329137
                            ],
                            "targets": {
                                "18": {
                                    "pull": [
                                        -33.63413781042323,
                                        50.09863588667368
                                    ],
                                    "condition": "branch18",
                                    "msg": null
                                }
                            }
                        },
                        "27": {
                            "diamond": [
                                57.41867785939138,
                                68.94718433018535
                            ],
                            "pull": [
                                40.293809024134305,
                                55.01224204267224
                            ],
                            "targets": {
                                "19": {
                                    "pull": [
                                        74.54354669464846,
                                        82.88212661769848
                                    ],
                                    "condition": "branch19",
                                    "msg": null
                                }
                            }
                        },
                        "30": {
                            "diamond": [
                                101.07030430220348,
                                -9.62574326687656
                            ],
                            "pull": [
                                89.31794333683108,
                                -7.1633438265127705
                            ],
                            "targets": {
                                "20": {
                                    "pull": [
                                        121.66491780342778,
                                        -16.397341727876878
                                    ],
                                    "condition": "branch20",
                                    "msg": null
                                }
                            }
                        }
                    }
                },
                "33": {
                    "position": [
                        1.1192724728926267,
                        -38.16719132563834
                    ],
                    "name": "PartyRoom",
                    "elmTypes": [],
                    "transitions": {}
                }
            },
            "transitions": {
                "23": {
                    "name": "BuyPizza",
                    "args": []
                },
                "24": {
                    "name": "BuyCake",
                    "args": []
                },
                "25": {
                    "name": "Pizza2ATM",
                    "args": []
                },
                "26": {
                    "name": "BuyaPizza",
                    "args": []
                },
                "27": {
                    "name": "BuyaCake",
                    "args": []
                },
                "28": {
                    "name": "PS2ATM",
                    "args": []
                },
                "29": {
                    "name": "BuyGrocery",
                    "args": []
                },
                "30": {
                    "name": "BuyaGrocery",
                    "args": []
                },
                "31": {
                    "name": "GS2ATM",
                    "args": []
                },
                "32": {
                    "name": "TakeaBus",
                    "args": []
                },
                "34": {
                    "name": "HomeOrParty",
                    "args": []
                }
            },
            "startStateIdx": 17,
            "dragState": "Released",
            "bb": [
                -95.32983560685551,
                368.5573044187944,
                134.20216859041616,
                -144.13011542497375
            ],
            "outInterface": {
                "14": {
                    "name": "GuestArrived",
                    "args": []
                },
                "16": {
                    "name": "PartyCancelled",
                    "args": []
                }
            },
            "pan": [
                -41.502623294858346,
                -2.551941238195173
            ],
            "zoom": 0.3543122000000004,
            "globalOffset": [
                55,
                0
            ],
            "undoLst": [
                [
                    {
                        "17": {
                            "position": [
                                -66.6638684854844,
                                -52.76250437215809
                            ],
                            "name": "Home",
                            "elmTypes": [],
                            "transitions": {
                                "23": {
                                    "diamond": [
                                        -64.87303252885624,
                                        53.120671563483704
                                    ],
                                    "pull": [
                                        -83.32983560685551,
                                        23.381601958726822
                                    ],
                                    "targets": {
                                        "18": {
                                            "pull": [
                                                -45.34172787688002,
                                                94.50017488632386
                                            ],
                                            "condition": "branch18",
                                            "msg": null
                                        }
                                    }
                                }
                            }
                        },
                        "18": {
                            "position": [
                                -0.49247988807274634,
                                98.87653025533405
                            ],
                            "name": "PizzaShop",
                            "elmTypes": [],
                            "transitions": {
                                "24": {
                                    "diamond": [
                                        69.23819517313744,
                                        106.64428121720884
                                    ],
                                    "pull": [
                                        34.607904861839785,
                                        122.20216859041616
                                    ],
                                    "targets": {
                                        "19": {
                                            "pull": [
                                                97.61175236096538,
                                                92.65337530605103
                                            ],
                                            "condition": "branch19",
                                            "msg": null
                                        }
                                    }
                                },
                                "25": {
                                    "diamond": [
                                        21.154249737670508,
                                        52.65057712486885
                                    ],
                                    "pull": [
                                        16.47569080097935,
                                        63.10458202168584
                                    ],
                                    "targets": {
                                        "22": {
                                            "pull": [
                                                33.141657922350504,
                                                28.0713536201469
                                            ],
                                            "condition": "branch22",
                                            "msg": null
                                        }
                                    }
                                }
                            }
                        },
                        "19": {
                            "position": [
                                119.53830010493176,
                                62.567331234697434
                            ],
                            "name": "Pastry",
                            "elmTypes": [],
                            "transitions": {
                                "28": {
                                    "diamond": [
                                        86.74361664917797,
                                        32.235047219307454
                                    ],
                                    "pull": [
                                        99.27946834557537,
                                        41.18922700244836
                                    ],
                                    "targets": {
                                        "22": {
                                            "pull": [
                                                66.48478488982158,
                                                15.166142007695008
                                            ],
                                            "condition": "branch22",
                                            "msg": null
                                        }
                                    }
                                },
                                "29": {
                                    "diamond": [
                                        179.5313046519762,
                                        37.04791885274571
                                    ],
                                    "pull": [
                                        170.91290661070303,
                                        58.42602308499474
                                    ],
                                    "targets": {
                                        "20": {
                                            "pull": [
                                                188.14970269324937,
                                                15.669814620496673
                                            ],
                                            "condition": "branch20",
                                            "msg": null
                                        }
                                    }
                                }
                            }
                        },
                        "20": {
                            "position": [
                                154.01189227002445,
                                -22.945085694298704
                            ],
                            "name": "GroceryStore",
                            "elmTypes": [],
                            "transitions": {
                                "31": {
                                    "diamond": [
                                        87.63903462749212,
                                        -59.54529555788736
                                    ],
                                    "pull": [
                                        113.38230150402237,
                                        -66.98845750262328
                                    ],
                                    "targets": {
                                        "22": {
                                            "pull": [
                                                61.89576775096188,
                                                -52.10213361315144
                                            ],
                                            "condition": "branch22",
                                            "msg": null
                                        }
                                    }
                                },
                                "32": {
                                    "diamond": [
                                        143.04302203567676,
                                        -112.48688352570828
                                    ],
                                    "pull": [
                                        168.1706890521161,
                                        -92.8436516264428
                                    ],
                                    "targets": {
                                        "21": {
                                            "pull": [
                                                117.91535501923747,
                                                -132.13011542497375
                                            ],
                                            "condition": "branch21",
                                            "msg": null
                                        }
                                    }
                                }
                            }
                        },
                        "21": {
                            "position": [
                                53.50122420426721,
                                -101.5180132913606
                            ],
                            "name": "BusStop",
                            "elmTypes": [],
                            "transitions": {
                                "34": {
                                    "diamond": [
                                        -27.153550192374944,
                                        -103.64463098985665
                                    ],
                                    "pull": [
                                        6.267925848198679,
                                        -108.45750262329489
                                    ],
                                    "targets": {
                                        "17": {
                                            "pull": [
                                                -67.26827562084644,
                                                -93.24658971668416
                                            ],
                                            "condition": "NotEnoughMoney",
                                            "msg": 16
                                        },
                                        "33": {
                                            "pull": [
                                                11.103182931094771,
                                                -62.58971668415535
                                            ],
                                            "condition": "EnoughMoney",
                                            "msg": 14
                                        }
                                    }
                                }
                            }
                        },
                        "22": {
                            "position": [
                                51.03882476390346,
                                6.827562084644973
                            ],
                            "name": "ATM",
                            "elmTypes": [],
                            "transitions": {
                                "26": {
                                    "diamond": [
                                        -20.75131164742918,
                                        27.086393844001403
                                    ],
                                    "pull": [
                                        -7.868485484435126,
                                        4.074151801329137
                                    ],
                                    "targets": {
                                        "18": {
                                            "pull": [
                                                -33.63413781042323,
                                                50.09863588667368
                                            ],
                                            "condition": "branch18",
                                            "msg": null
                                        }
                                    }
                                },
                                "27": {
                                    "diamond": [
                                        57.41867785939138,
                                        68.94718433018535
                                    ],
                                    "pull": [
                                        40.293809024134305,
                                        55.01224204267224
                                    ],
                                    "targets": {
                                        "19": {
                                            "pull": [
                                                74.54354669464846,
                                                82.88212661769848
                                            ],
                                            "condition": "branch19",
                                            "msg": null
                                        }
                                    }
                                },
                                "30": {
                                    "diamond": [
                                        101.07030430220348,
                                        -9.62574326687656
                                    ],
                                    "pull": [
                                        89.31794333683108,
                                        -7.1633438265127705
                                    ],
                                    "targets": {
                                        "20": {
                                            "pull": [
                                                121.66491780342778,
                                                -16.397341727876878
                                            ],
                                            "condition": "branch20",
                                            "msg": null
                                        }
                                    }
                                }
                            }
                        },
                        "33": {
                            "position": [
                                1.1192724728926267,
                                -38.16719132563834
                            ],
                            "name": "PartyRoom",
                            "elmTypes": [],
                            "transitions": {}
                        }
                    },
                    {
                        "23": {
                            "name": "BuyPizza",
                            "args": []
                        },
                        "24": {
                            "name": "BuyCake",
                            "args": []
                        },
                        "25": {
                            "name": "Pizza2ATM",
                            "args": []
                        },
                        "26": {
                            "name": "BuyaPizza",
                            "args": []
                        },
                        "27": {
                            "name": "BuyaCake",
                            "args": []
                        },
                        "28": {
                            "name": "PS2ATM",
                            "args": []
                        },
                        "29": {
                            "name": "BuyGrocery",
                            "args": []
                        },
                        "30": {
                            "name": "BuyaGrocery",
                            "args": []
                        },
                        "31": {
                            "name": "GS2ATM",
                            "args": []
                        },
                        "32": {
                            "name": "TakeaBus",
                            "args": []
                        },
                        "34": {
                            "name": "HomeOrParty",
                            "args": []
                        }
                    },
                    17
                ],
                [
                    {
                        "17": {
                            "position": [
                                -66.6638684854844,
                                -52.76250437215809
                            ],
                            "name": "Home",
                            "elmTypes": [],
                            "transitions": {
                                "23": {
                                    "diamond": [
                                        -64.87303252885624,
                                        53.120671563483704
                                    ],
                                    "pull": [
                                        -83.32983560685551,
                                        23.381601958726822
                                    ],
                                    "targets": {
                                        "18": {
                                            "pull": [
                                                -45.34172787688002,
                                                94.50017488632386
                                            ],
                                            "condition": "branch18",
                                            "msg": null
                                        }
                                    }
                                }
                            }
                        },
                        "18": {
                            "position": [
                                -0.49247988807274634,
                                98.87653025533405
                            ],
                            "name": "PizzaShop",
                            "elmTypes": [],
                            "transitions": {
                                "24": {
                                    "diamond": [
                                        69.23819517313744,
                                        106.64428121720884
                                    ],
                                    "pull": [
                                        34.607904861839785,
                                        122.20216859041616
                                    ],
                                    "targets": {
                                        "19": {
                                            "pull": [
                                                97.61175236096538,
                                                92.65337530605103
                                            ],
                                            "condition": "branch19",
                                            "msg": null
                                        }
                                    }
                                },
                                "25": {
                                    "diamond": [
                                        21.154249737670508,
                                        52.65057712486885
                                    ],
                                    "pull": [
                                        16.47569080097935,
                                        63.10458202168584
                                    ],
                                    "targets": {
                                        "22": {
                                            "pull": [
                                                33.141657922350504,
                                                28.0713536201469
                                            ],
                                            "condition": "branch22",
                                            "msg": null
                                        }
                                    }
                                }
                            }
                        },
                        "19": {
                            "position": [
                                119.53830010493176,
                                62.567331234697434
                            ],
                            "name": "Pastry",
                            "elmTypes": [],
                            "transitions": {
                                "28": {
                                    "diamond": [
                                        86.74361664917797,
                                        32.235047219307454
                                    ],
                                    "pull": [
                                        99.27946834557537,
                                        41.18922700244836
                                    ],
                                    "targets": {
                                        "22": {
                                            "pull": [
                                                66.48478488982158,
                                                15.166142007695008
                                            ],
                                            "condition": "branch22",
                                            "msg": null
                                        }
                                    }
                                },
                                "29": {
                                    "diamond": [
                                        179.5313046519762,
                                        37.04791885274571
                                    ],
                                    "pull": [
                                        170.91290661070303,
                                        58.42602308499474
                                    ],
                                    "targets": {
                                        "20": {
                                            "pull": [
                                                188.14970269324937,
                                                15.669814620496673
                                            ],
                                            "condition": "branch20",
                                            "msg": null
                                        }
                                    }
                                }
                            }
                        },
                        "20": {
                            "position": [
                                154.01189227002445,
                                -22.945085694298704
                            ],
                            "name": "GroceryStore",
                            "elmTypes": [],
                            "transitions": {
                                "31": {
                                    "diamond": [
                                        87.63903462749212,
                                        -59.54529555788736
                                    ],
                                    "pull": [
                                        113.38230150402237,
                                        -66.98845750262328
                                    ],
                                    "targets": {
                                        "22": {
                                            "pull": [
                                                61.89576775096188,
                                                -52.10213361315144
                                            ],
                                            "condition": "branch22",
                                            "msg": null
                                        }
                                    }
                                },
                                "32": {
                                    "diamond": [
                                        143.04302203567676,
                                        -112.48688352570828
                                    ],
                                    "pull": [
                                        168.1706890521161,
                                        -92.8436516264428
                                    ],
                                    "targets": {
                                        "21": {
                                            "pull": [
                                                117.91535501923747,
                                                -132.13011542497375
                                            ],
                                            "condition": "branch21",
                                            "msg": null
                                        }
                                    }
                                }
                            }
                        },
                        "21": {
                            "position": [
                                53.50122420426721,
                                -101.5180132913606
                            ],
                            "name": "BusStop",
                            "elmTypes": [],
                            "transitions": {
                                "34": {
                                    "diamond": [
                                        -27.153550192374944,
                                        -103.64463098985665
                                    ],
                                    "pull": [
                                        6.267925848198679,
                                        -108.45750262329489
                                    ],
                                    "targets": {
                                        "17": {
                                            "pull": [
                                                -67.26827562084644,
                                                -93.24658971668416
                                            ],
                                            "condition": "NotEnoughMoney",
                                            "msg": 16
                                        },
                                        "33": {
                                            "pull": [
                                                11.103182931094771,
                                                -62.58971668415535
                                            ],
                                            "condition": "EnoughMoney",
                                            "msg": 14
                                        }
                                    }
                                }
                            }
                        },
                        "22": {
                            "position": [
                                51.03882476390346,
                                6.827562084644973
                            ],
                            "name": "ATM",
                            "elmTypes": [],
                            "transitions": {
                                "26": {
                                    "diamond": [
                                        -20.75131164742918,
                                        27.086393844001403
                                    ],
                                    "pull": [
                                        -7.868485484435126,
                                        4.074151801329137
                                    ],
                                    "targets": {
                                        "18": {
                                            "pull": [
                                                -33.63413781042323,
                                                50.09863588667368
                                            ],
                                            "condition": "branch18",
                                            "msg": null
                                        }
                                    }
                                },
                                "27": {
                                    "diamond": [
                                        57.41867785939138,
                                        68.94718433018535
                                    ],
                                    "pull": [
                                        40.293809024134305,
                                        55.01224204267224
                                    ],
                                    "targets": {
                                        "19": {
                                            "pull": [
                                                74.54354669464846,
                                                82.88212661769848
                                            ],
                                            "condition": "branch19",
                                            "msg": null
                                        }
                                    }
                                },
                                "30": {
                                    "diamond": [
                                        101.07030430220348,
                                        -9.62574326687656
                                    ],
                                    "pull": [
                                        89.31794333683108,
                                        -7.1633438265127705
                                    ],
                                    "targets": {
                                        "20": {
                                            "pull": [
                                                121.66491780342778,
                                                -16.397341727876878
                                            ],
                                            "condition": "branch20",
                                            "msg": null
                                        }
                                    }
                                }
                            }
                        },
                        "33": {
                            "position": [
                                1.1192724728926267,
                                -38.16719132563834
                            ],
                            "name": "PartyRoom",
                            "elmTypes": [],
                            "transitions": {}
                        }
                    },
                    {
                        "23": {
                            "name": "BuyPizza",
                            "args": []
                        },
                        "24": {
                            "name": "BuyCake",
                            "args": []
                        },
                        "25": {
                            "name": "Pizza2ATM",
                            "args": []
                        },
                        "26": {
                            "name": "BuyaPizza",
                            "args": []
                        },
                        "27": {
                            "name": "BuyaCake",
                            "args": []
                        },
                        "28": {
                            "name": "PS2ATM",
                            "args": []
                        },
                        "29": {
                            "name": "BuyGrocery",
                            "args": []
                        },
                        "30": {
                            "name": "BuyaGrocery",
                            "args": []
                        },
                        "31": {
                            "name": "GS2ATM",
                            "args": []
                        },
                        "32": {
                            "name": "TakeaBus",
                            "args": []
                        },
                        "34": {
                            "name": "HomeOrParty",
                            "args": []
                        }
                    },
                    17
                ],
                [
                    {
                        "17": {
                            "position": [
                                -66.6638684854844,
                                -52.76250437215809
                            ],
                            "name": "Home",
                            "elmTypes": [],
                            "transitions": {
                                "23": {
                                    "diamond": [
                                        -64.87303252885624,
                                        53.120671563483704
                                    ],
                                    "pull": [
                                        -83.32983560685551,
                                        23.381601958726822
                                    ],
                                    "targets": {
                                        "18": {
                                            "pull": [
                                                -45.34172787688002,
                                                94.50017488632386
                                            ],
                                            "condition": "branch18",
                                            "msg": null
                                        }
                                    }
                                }
                            }
                        },
                        "18": {
                            "position": [
                                -0.49247988807274634,
                                98.87653025533405
                            ],
                            "name": "PizzaShop",
                            "elmTypes": [],
                            "transitions": {
                                "24": {
                                    "diamond": [
                                        69.23819517313744,
                                        106.64428121720884
                                    ],
                                    "pull": [
                                        34.607904861839785,
                                        122.20216859041616
                                    ],
                                    "targets": {
                                        "19": {
                                            "pull": [
                                                97.61175236096538,
                                                92.65337530605103
                                            ],
                                            "condition": "branch19",
                                            "msg": null
                                        }
                                    }
                                },
                                "25": {
                                    "diamond": [
                                        21.154249737670508,
                                        52.65057712486885
                                    ],
                                    "pull": [
                                        16.47569080097935,
                                        63.10458202168584
                                    ],
                                    "targets": {
                                        "22": {
                                            "pull": [
                                                33.141657922350504,
                                                28.0713536201469
                                            ],
                                            "condition": "branch22",
                                            "msg": null
                                        }
                                    }
                                }
                            }
                        },
                        "19": {
                            "position": [
                                119.53830010493176,
                                62.567331234697434
                            ],
                            "name": "Pastry",
                            "elmTypes": [],
                            "transitions": {
                                "28": {
                                    "diamond": [
                                        86.74361664917797,
                                        32.235047219307454
                                    ],
                                    "pull": [
                                        99.27946834557537,
                                        41.18922700244836
                                    ],
                                    "targets": {
                                        "22": {
                                            "pull": [
                                                66.48478488982158,
                                                15.166142007695008
                                            ],
                                            "condition": "branch22",
                                            "msg": null
                                        }
                                    }
                                },
                                "29": {
                                    "diamond": [
                                        179.5313046519762,
                                        37.04791885274571
                                    ],
                                    "pull": [
                                        170.91290661070303,
                                        58.42602308499474
                                    ],
                                    "targets": {
                                        "20": {
                                            "pull": [
                                                188.14970269324937,
                                                15.669814620496673
                                            ],
                                            "condition": "branch20",
                                            "msg": null
                                        }
                                    }
                                }
                            }
                        },
                        "20": {
                            "position": [
                                154.01189227002445,
                                -22.945085694298704
                            ],
                            "name": "GroceryStore",
                            "elmTypes": [],
                            "transitions": {
                                "31": {
                                    "diamond": [
                                        87.63903462749212,
                                        -59.54529555788736
                                    ],
                                    "pull": [
                                        113.38230150402237,
                                        -66.98845750262328
                                    ],
                                    "targets": {
                                        "22": {
                                            "pull": [
                                                61.89576775096188,
                                                -52.10213361315144
                                            ],
                                            "condition": "branch22",
                                            "msg": null
                                        }
                                    }
                                },
                                "32": {
                                    "diamond": [
                                        143.04302203567676,
                                        -112.48688352570828
                                    ],
                                    "pull": [
                                        168.1706890521161,
                                        -92.8436516264428
                                    ],
                                    "targets": {
                                        "21": {
                                            "pull": [
                                                117.91535501923747,
                                                -132.13011542497375
                                            ],
                                            "condition": "branch21",
                                            "msg": null
                                        }
                                    }
                                }
                            }
                        },
                        "21": {
                            "position": [
                                53.50122420426721,
                                -101.5180132913606
                            ],
                            "name": "BusStop",
                            "elmTypes": [],
                            "transitions": {
                                "34": {
                                    "diamond": [
                                        -27.153550192374944,
                                        -103.64463098985665
                                    ],
                                    "pull": [
                                        6.267925848198679,
                                        -108.45750262329489
                                    ],
                                    "targets": {
                                        "17": {
                                            "pull": [
                                                -67.26827562084644,
                                                -93.24658971668416
                                            ],
                                            "condition": "NotEnoughMoney",
                                            "msg": 16
                                        },
                                        "33": {
                                            "pull": [
                                                11.103182931094771,
                                                -62.58971668415535
                                            ],
                                            "condition": "EnoughMoney",
                                            "msg": 14
                                        }
                                    }
                                }
                            }
                        },
                        "22": {
                            "position": [
                                51.03882476390346,
                                6.827562084644973
                            ],
                            "name": "ATM",
                            "elmTypes": [],
                            "transitions": {
                                "26": {
                                    "diamond": [
                                        -20.75131164742918,
                                        27.086393844001403
                                    ],
                                    "pull": [
                                        -7.868485484435126,
                                        4.074151801329137
                                    ],
                                    "targets": {
                                        "18": {
                                            "pull": [
                                                -33.63413781042323,
                                                50.09863588667368
                                            ],
                                            "condition": "branch18",
                                            "msg": null
                                        }
                                    }
                                },
                                "27": {
                                    "diamond": [
                                        57.41867785939138,
                                        68.94718433018535
                                    ],
                                    "pull": [
                                        40.293809024134305,
                                        55.01224204267224
                                    ],
                                    "targets": {
                                        "19": {
                                            "pull": [
                                                74.54354669464846,
                                                82.88212661769848
                                            ],
                                            "condition": "branch19",
                                            "msg": null
                                        }
                                    }
                                },
                                "30": {
                                    "diamond": [
                                        101.07030430220348,
                                        -9.62574326687656
                                    ],
                                    "pull": [
                                        89.31794333683108,
                                        -7.1633438265127705
                                    ],
                                    "targets": {
                                        "20": {
                                            "pull": [
                                                121.66491780342778,
                                                -16.397341727876878
                                            ],
                                            "condition": "branch20",
                                            "msg": null
                                        }
                                    }
                                }
                            }
                        },
                        "33": {
                            "position": [
                                1.1192724728926267,
                                -38.16719132563834
                            ],
                            "name": "PartyRoom",
                            "elmTypes": [],
                            "transitions": {}
                        }
                    },
                    {
                        "23": {
                            "name": "BuyPizza",
                            "args": []
                        },
                        "24": {
                            "name": "BuyCake",
                            "args": []
                        },
                        "25": {
                            "name": "Pizza2ATM",
                            "args": []
                        },
                        "26": {
                            "name": "BuyaPizza",
                            "args": []
                        },
                        "27": {
                            "name": "BuyaCake",
                            "args": []
                        },
                        "28": {
                            "name": "PS2ATM",
                            "args": []
                        },
                        "29": {
                            "name": "BuyGrocery",
                            "args": []
                        },
                        "30": {
                            "name": "BuyaGrocery",
                            "args": []
                        },
                        "31": {
                            "name": "GS2ATM",
                            "args": []
                        },
                        "32": {
                            "name": "TakeaBus",
                            "args": []
                        },
                        "34": {
                            "name": "HomeOrParty",
                            "args": []
                        }
                    },
                    17
                ]
            ],
            "redoLst": []
        },
        "user": {
            "states": {},
            "transitions": {},
            "startStateIdx": null,
            "dragState": "Released",
            "bb": [
                0,
                0,
                0,
                0
            ],
            "outInterface": {
                "23": {
                    "name": "BuyPizza",
                    "args": []
                },
                "24": {
                    "name": "BuyCake",
                    "args": []
                },
                "25": {
                    "name": "Pizza2ATM",
                    "args": []
                },
                "26": {
                    "name": "BuyaPizza",
                    "args": []
                },
                "27": {
                    "name": "BuyaCake",
                    "args": []
                },
                "28": {
                    "name": "PS2ATM",
                    "args": []
                },
                "29": {
                    "name": "BuyGrocery",
                    "args": []
                },
                "30": {
                    "name": "BuyaGrocery",
                    "args": []
                },
                "31": {
                    "name": "GS2ATM",
                    "args": []
                },
                "32": {
                    "name": "TakeaBus",
                    "args": []
                },
                "34": {
                    "name": "HomeOrParty",
                    "args": []
                }
            },
            "pan": [
                0,
                0
            ],
            "zoom": 1,
            "globalOffset": [
                55,
                0
            ],
            "undoLst": [],
            "redoLst": []
        }
    },
    "channels": {
        "5": {
            "upper": "global",
            "lower": "local",
            "up": [
                14,
                16
            ],
            "down": []
        },
        "6": {
            "upper": "local",
            "lower": "user",
            "up": [
                23,
                24,
                25,
                26,
                27,
                28,
                29,
                30,
                31,
                32,
                34
            ],
            "down": []
        }
    },
    "draggedMsgslabels": {
        "14": "GuestArrived",
        "16": "PartyCancelled",
        "23": "BuyPizza",
        "24": "BuyCake",
        "25": "Pizza2ATM",
        "26": "BuyaPizza",
        "27": "BuyaCake",
        "28": "PS2ATM",
        "29": "BuyGrocery",
        "30": "BuyaGrocery",
        "31": "GS2ATM",
        "32": "TakeaBus",
        "34": "HomeOrParty"
    },
    "nextIdx": 38
}